sample_name,b_u,b_t_h,f_h,species,lser_lasx,total_conc,asx_c,glx_c,ser_c,thr_c,his_c,gly_c,arg_c,ala_c,tyr_c,val_c,met_c,phe_c,leu_c,ile_c,asx,glx,ser,thr,his,arg,ala,tyr,val,met,phe,leu,ile
001uF,Unbleached,0,FAA,A. foo,NA,2.282911326,NA,NA,0.538626915,NA,NA,1.409599025,NA,0.334685386,NA,NA,NA,NA,NA,NA,0.08073556,NA,NA,NA,NA,0.830623591,NA,NA,NA,NA,NA,NA,NA
002bF,Bleached,24,FAA,B. bar,6.050146371,1.818209657,0.079033438,NA,0.478163866,0.135254172,0.162768358,0.592742839,NA,0.17488205,0.100468629,0.095790373,NA,NA,NA,NA,0.07415545,0.046323116,0.013254881,NA,NA,0.598681245,0.043073005,NA,NA,NA,NA,NA,NA
003bH,Bleached,48,THAA,C. woo,2.114256123,3.209106829,0.223558393,0.286596852,0.472659701,0.188060733,NA,1.84431669,NA,0.194478642,NA,NA,NA,NA,NA,NA,0.07510249,0.043171206,0.012841505,NA,NA,0.653260067,0.043654538,NA,NA,NA,NA,NA,0.028386015
